ID,1
480,1.0
742,1.0
743,1.0
744,1.0
745,1.0
793,1.0
794,1.0
800,1.0
801,1.0
802,1.0
948,1.0
949,1.0
954,1.0
955,1.0
956,1.0
1512,1.0
1513,1.0
1552,1.0
1553,1.0
1554,1.0
1558,1.0
1559,1.0
1560,1.0
1561,1.0
1637,1.0
1638,1.0
1639,1.0
1717,1.0
1718,1.0
1719,1.0
1720,1.0
1721,1.0
1901,1.0
1985,1.0
1986,1.0
1987,1.0
1988,1.0
1989,1.0
1990,1.0
1991,1.0
2037,1.0
2038,1.0
2039,1.0
2040,1.0
2041,1.0
2042,1.0
2043,1.0
2073,1.0
2074,1.0
2075,1.0
2076,1.0
2077,1.0
2078,1.0
2079,1.0
2115,1.0
2116,1.0
2117,1.0
2118,1.0
2119,1.0
2120,1.0
2121,1.0
2147,1.0
2148,1.0
2149,1.0
2180,1.0
2181,1.0
2182,1.0
2183,1.0
2184,1.0
2206,1.0
2207,1.0
2274,1.0
2275,1.0
2316,1.0
2317,1.0
2318,1.0
2319,1.0
2320,1.0
2322,1.0
2323,1.0
2357,1.0
2358,1.0
2360,1.0
2361,1.0
2362,1.0
2363,1.0
2364,1.0
2489,1.0
2491,1.0
2492,1.0
2493,1.0
2494,1.0
2521,1.0
2522,1.0
2523,1.0
2524,1.0
2525,1.0
2527,1.0
2568,1.0
2570,1.0
2571,1.0
2572,1.0
2573,1.0
2574,1.0
2575,1.0
2605,1.0
2606,1.0
2607,1.0
2608,1.0
2636,1.0
2637,1.0
2638,1.0
2639,1.0
2642,1.0
2643,1.0
2644,1.0
2672,1.0
2673,1.0
2674,1.0
2676,1.0
2677,1.0
2678,1.0
2679,1.0
2712,1.0
2717,1.0
2718,1.0
2719,1.0
2749,1.0
2751,1.0
2752,1.0
2771,1.0
2772,1.0
2773,1.0
2774,1.0
2776,1.0
2777,1.0
2778,1.0
2842,1.0
2843,1.0
2844,1.0
2845,1.0
2881,1.0
2882,1.0
2883,1.0
2884,1.0
2885,1.0
2886,1.0
2887,1.0
2918,1.0
2919,1.0
2920,1.0
2921,1.0
2922,1.0
2952,1.0
2953,1.0
2954,1.0
2955,1.0
2956,1.0
2957,1.0
3026,1.0
3027,1.0
3028,1.0
3029,1.0
3030,1.0
3031,1.0
3184,1.0
3185,1.0
3186,1.0
3187,1.0
3188,1.0
3189,1.0
3190,1.0
3395,1.0
3396,1.0
3397,1.0
3398,1.0
3399,1.0
3400,1.0
3401,1.0
3436,1.0
3437,1.0
3438,1.0
3439,1.0
3440,1.0
3497,1.0
3498,1.0
3499,1.0
3500,1.0
3501,1.0
3502,1.0
3503,1.0
3588,1.0
3589,1.0
3590,1.0
3623,1.0
3624,1.0
3625,1.0
3626,1.0
3627,1.0
3652,1.0
3653,1.0
3654,1.0
3659,1.0
3660,1.0
3661,1.0
3687,1.0
3688,1.0
3689,1.0
3690,1.0
3695,1.0
3696,1.0
3697,1.0
3721,1.0
3722,1.0
3723,1.0
3724,1.0
3725,1.0
3726,1.0
3727,1.0
3755,1.0
3756,1.0
3757,1.0
3758,1.0
3759,1.0
3760,1.0
3761,1.0
3790,1.0
3791,1.0
3792,1.0
3793,1.0
3794,1.0
3795,1.0
3796,1.0
3821,1.0
3822,1.0
3823,1.0
3825,1.0
3826,1.0
3827,1.0
3828,1.0
3852,1.0
3853,1.0
3854,1.0
3910,1.0
3911,1.0
3912,1.0
3914,1.0
3915,1.0
3916,1.0
3917,1.0
3918,1.0
3919,1.0
3921,1.0
3922,1.0
3923,1.0
3971,1.0
3972,1.0
3973,1.0
3975,1.0
3976,1.0
3977,1.0
3978,1.0
4001,1.0
4002,1.0
4003,1.0
4004,1.0
4006,1.0
4007,1.0
4008,1.0
4026,1.0
4027,1.0
4028,1.0
4029,1.0
4030,1.0
4031,1.0
4057,1.0
4059,1.0
4060,1.0
4061,1.0
4062,1.0
4063,1.0
4064,1.0
4095,1.0
4096,1.0
4097,1.0
4098,1.0
4099,1.0
4100,1.0
4156,1.0
4157,1.0
4158,1.0
4159,1.0
4160,1.0
4161,1.0
4184,1.0
4185,1.0
4186,1.0
4187,1.0
4188,1.0
4189,1.0
4190,1.0
4268,1.0
4269,1.0
4270,1.0
4271,1.0
4272,1.0
4273,1.0
4274,1.0
4291,1.0
4292,1.0
4298,1.0
4332,1.0
4333,1.0
4334,1.0
4335,1.0
4336,1.0
4337,1.0
4338,1.0
4379,1.0
4380,1.0
4381,1.0
4382,1.0
4383,1.0
4384,1.0
4385,1.0
4415,1.0
4416,1.0
4417,1.0
4418,1.0
4419,1.0
4420,1.0
4421,1.0
4450,1.0
4451,1.0
4452,1.0
4453,1.0
4454,1.0
4455,1.0
4456,1.0
4481,1.0
4482,1.0
4483,1.0
4488,1.0
4489,1.0
4490,1.0
4534,1.0
4535,1.0
4536,1.0
4537,1.0
4540,1.0
4541,1.0
4542,1.0
4580,1.0
4581,1.0
4582,1.0
4586,1.0
4587,1.0
4588,1.0
4589,1.0
4603,1.0
4604,1.0
4605,1.0
4606,1.0
4609,1.0
4610,1.0
4611,1.0
4614,1.0
4651,1.0
4653,1.0
4654,1.0
4655,1.0
4656,1.0
4657,1.0
4658,1.0
4678,1.0
4679,1.0
4680,1.0
4681,1.0
4682,1.0
4683,1.0
4684,1.0
4700,1.0
4701,1.0
4703,1.0
4704,1.0
4722,1.0
4723,1.0
4725,1.0
4726,1.0
4727,1.0
4728,1.0
4729,1.0
4749,1.0
4751,1.0
4752,1.0
4753,1.0
4754,1.0
4755,1.0
4756,1.0
4784,1.0
4785,1.0
4786,1.0
4787,1.0
4788,1.0
4789,1.0
4791,1.0
4824,1.0
4826,1.0
4827,1.0
4828,1.0
4829,1.0
4830,1.0
4831,1.0
4866,1.0
4867,1.0
4868,1.0
4869,1.0
4870,1.0
4871,1.0
4905,1.0
4906,1.0
4907,1.0
4909,1.0
4910,1.0
4922,1.0
4923,1.0
4924,1.0
4925,1.0
4927,1.0
4928,1.0
4929,1.0
4963,1.0
4964,1.0
4965,1.0
4970,1.0
4971,1.0
4972,1.0
4973,1.0
4979,1.0
4980,1.0
4981,1.0
4992,1.0
5004,1.0
5005,1.0
5006,1.0
5007,1.0
5009,1.0
5010,1.0
5011,1.0
5021,1.0
5022,1.0
5023,1.0
5025,1.0
5026,1.0
5027,1.0
5028,1.0
5067,1.0
5068,1.0
5069,1.0
5082,1.0
5083,1.0
5084,1.0
5086,1.0
5087,1.0
5088,1.0
5089,1.0
5090,1.0
5091,1.0
5092,1.0
5093,1.0
5094,1.0
5095,1.0
5096,1.0
5110,1.0
5111,1.0
5112,1.0
5114,1.0
5115,1.0
5116,1.0
5134,1.0
5135,1.0
5136,1.0
5137,1.0
5138,1.0
5139,1.0
5140,1.0
5151,1.0
5152,1.0
5153,1.0
5154,1.0
5155,1.0
5156,1.0
5157,1.0
5169,1.0
5170,1.0
5185,1.0
5186,1.0
5187,1.0
5193,1.0
5194,1.0
5201,1.0
5202,1.0
5208,1.0
5209,1.0
5222,1.0
5223,1.0
5224,1.0
5226,1.0
5227,1.0
5228,1.0
5229,1.0
5230,1.0
5231,1.0
5232,1.0
5233,1.0
5235,1.0
5236,1.0
5237,1.0
5268,1.0
5269,1.0
5270,1.0
5272,1.0
5273,1.0
5274,1.0
5275,1.0
5302,1.0
5303,1.0
5304,1.0
5305,1.0
5306,1.0
5307,1.0
5308,1.0
5310,1.0
5315,1.0
5316,1.0
5317,1.0
5318,1.0
5319,1.0
5332,1.0
5333,1.0
5334,1.0
5335,1.0
5336,1.0
5337,1.0
5352,1.0
5353,1.0
5355,1.0
5356,1.0
5357,1.0
5358,1.0
5359,1.0
5360,1.0
5361,1.0
5362,1.0
5364,1.0
5365,1.0
5384,1.0
5385,1.0
5387,1.0
5388,1.0
5389,1.0
5399,1.0
5400,1.0
5401,1.0
5402,1.0
5403,1.0
5404,1.0
5405,1.0
5418,1.0
5419,1.0
5420,1.0
5422,1.0
5423,1.0
5424,1.0
5425,1.0
5426,1.0
5427,1.0
5429,1.0
5430,1.0
5431,1.0
5436,1.0
5437,1.0
5438,1.0
5439,1.0
5445,1.0
5446,1.0
5447,1.0
5449,1.0
5450,1.0
5473,1.0
5474,1.0
5475,1.0
5476,1.0
5477,1.0
5501,1.0
5502,1.0
5503,1.0
5504,1.0
5505,1.0
5506,1.0
5507,1.0
5508,1.0
5509,1.0
5510,1.0
5511,1.0
5512,1.0
5513,1.0
5514,1.0
5529,1.0
5530,1.0
5531,1.0
5532,1.0
5533,1.0
5534,1.0
5535,1.0
5545,1.0
5546,1.0
5547,1.0
5549,1.0
5550,1.0
5551,1.0
5552,1.0
5564,1.0
5565,1.0
5566,1.0
5567,1.0
5568,1.0
5569,1.0
5570,1.0
5571,1.0
5572,1.0
5573,1.0
5574,1.0
5587,1.0
5588,1.0
5589,1.0
5590,1.0
5591,1.0
5593,1.0
5594,1.0
5599,1.0
5600,1.0
5601,1.0
5602,1.0
5614,1.0
5615,1.0
5616,1.0
5617,1.0
5618,1.0
5620,1.0
5628,1.0
5629,1.0
5630,1.0
5632,1.0
5633,1.0
5634,1.0
5635,1.0
5636,1.0
5637,1.0
5638,1.0
5639,1.0
5641,1.0
5642,1.0
5643,1.0
5652,1.0
5653,1.0
5654,1.0
5657,1.0
5658,1.0
5663,1.0
5664,1.0
5665,1.0
5666,1.0
5667,1.0
5668,1.0
5669,1.0
5673,1.0
5674,1.0
5676,1.0
5677,1.0
5694,1.0
5695,1.0
5696,1.0
5697,1.0
5698,1.0
5699,1.0
5700,1.0
5713,1.0
5714,1.0
5716,1.0
5717,1.0
5718,1.0
5719,1.0
5720,1.0
5721,1.0
5722,1.0
5723,1.0
5724,1.0
5725,1.0
5727,1.0
5728,1.0
5736,1.0
5737,1.0
5739,1.0
5740,1.0
5741,1.0
5742,1.0
5743,1.0
5748,1.0
5749,1.0
5750,1.0
5751,1.0
5753,1.0
5754,1.0
5763,1.0
5764,1.0
5765,1.0
5767,1.0
5768,1.0
5769,1.0
5770,1.0
5775,1.0
5776,1.0
5777,1.0
5778,1.0
5779,1.0
5781,1.0
5782,1.0
5791,1.0
5792,1.0
5794,1.0
5795,1.0
5796,1.0
5799,1.0
5800,1.0
5801,1.0
5802,1.0
5804,1.0
5805,1.0
5806,1.0
5815,1.0
5816,1.0
5818,1.0
5819,1.0
5820,1.0
5822,1.0
5823,1.0
5824,1.0
5825,1.0
5827,1.0
5828,1.0
5837,1.0
5839,1.0
5840,1.0
5841,1.0
5842,1.0
5843,1.0
5844,1.0
5845,1.0
5846,1.0
5847,1.0
5848,1.0
5849,1.0
5851,1.0
5852,1.0
5863,1.0
5864,1.0
5866,1.0
5867,1.0
5868,1.0
5869,1.0
5870,1.0
5871,1.0
5872,1.0
5873,1.0
5874,1.0
5876,1.0
5883,1.0
5884,1.0
5886,1.0
5887,1.0
5888,1.0
5889,1.0
5890,1.0
5891,1.0
5892,1.0
5893,1.0
5894,1.0
5895,1.0
5896,1.0
5898,1.0
5905,1.0
5906,1.0
5908,1.0
5909,1.0
5910,1.0
5911,1.0
5912,1.0
5913,1.0
5914,1.0
5915,1.0
5916,1.0
5917,1.0
5919,1.0
5920,1.0
5926,1.0
5927,1.0
5928,1.0
5929,1.0
5930,1.0
5931,1.0
5932,1.0
5942,1.0
5943,1.0
5944,1.0
5945,1.0
5946,1.0
5947,1.0
5948,1.0
5957,1.0
5958,1.0
5959,1.0
5960,1.0
5961,1.0
5962,1.0
5963,1.0
5970,1.0
5971,1.0
5975,1.0
5976,1.0
5977,1.0
5978,1.0
5979,1.0
5980,1.0
5981,1.0
6001,1.0
6002,1.0
6003,1.0
6004,1.0
6005,1.0
6006,1.0
6007,1.0
6008,1.0
6009,1.0
6010,1.0
6011,1.0
6012,1.0
6013,1.0
6014,1.0
6017,1.0
6018,1.0
6019,1.0
6024,1.0
6025,1.0
6026,1.0
6027,1.0
6028,1.0
6029,1.0
6030,1.0
6036,1.0
6037,1.0
6040,1.0
6041,1.0
6046,1.0
6047,1.0
6048,1.0
6049,1.0
6050,1.0
6051,1.0
6052,1.0
6053,1.0
6054,1.0
6056,1.0
6057,1.0
6058,1.0
6061,1.0
6062,1.0
6067,1.0
6068,1.0
6069,1.0
6070,1.0
6071,1.0
6072,1.0
6073,1.0
6074,1.0
6078,1.0
6079,1.0
6082,1.0
6083,1.0
6084,1.0
6085,1.0
6086,1.0
6087,1.0
6088,1.0
6089,1.0
6090,1.0
6091,1.0
6092,1.0
6093,1.0
6094,1.0
6095,1.0
6096,1.0
6097,1.0
6098,1.0
6099,1.0
6100,1.0
6101,1.0
6102,1.0
6103,1.0
6104,1.0
6105,1.0
6107,1.0
6108,1.0
6109,1.0
6110,1.0
6111,1.0
6112,1.0
6113,1.0
6114,1.0
6115,1.0
6116,1.0
6117,1.0
6118,1.0
6119,1.0
6120,1.0
6121,1.0
6122,1.0
6123,1.0
6124,1.0
6125,1.0
6126,1.0
6127,1.0
6128,1.0
6129,1.0
6130,1.0
6131,1.0
6132,1.0
6133,1.0
6134,1.0
6135,1.0
6136,1.0
6137,1.0
6138,1.0
6139,1.0
6140,1.0
6141,1.0
6142,1.0
6143,1.0
6144,1.0
6145,1.0
6146,1.0
6147,1.0
6148,1.0
6149,1.0
6150,1.0
6151,1.0
6152,1.0
6153,1.0
6154,1.0
6155,1.0
6156,1.0
6157,1.0
6158,1.0
6159,1.0
6160,1.0
6161,1.0
6162,1.0
6163,1.0
6164,1.0
6165,1.0
6167,1.0
6168,1.0
6169,1.0
6170,1.0
6171,1.0
6172,1.0
6173,1.0
6174,1.0
6175,1.0
6176,1.0
6177,1.0
6178,1.0
6180,1.0
6181,1.0
6182,1.0
6183,1.0
6184,1.0
6185,1.0
6186,1.0
6187,1.0
6188,1.0
6189,1.0
6190,1.0
6191,1.0
6192,1.0
6193,1.0
6194,1.0
6195,1.0
6196,1.0
6197,1.0
6198,1.0
6199,1.0
6200,1.0
6201,1.0
6202,1.0
6203,1.0
6204,1.0
6205,1.0
6206,1.0
6207,1.0
6208,1.0
6209,1.0
6210,1.0
6211,1.0
6212,1.0
6213,1.0
6214,1.0
6215,1.0
6216,1.0
6217,1.0
6218,1.0
6219,1.0
6220,1.0
6221,1.0
6222,1.0
6223,1.0
6224,1.0
6225,1.0
6226,1.0
6227,1.0
6228,1.0
6229,1.0
6230,1.0
6231,1.0
6232,1.0
6233,1.0
6234,1.0
6235,1.0
7041,1.0
7042,1.0
7043,1.0
7044,1.0
7045,1.0
7046,1.0
7047,1.0
7656,1.0
7657,1.0
7658,1.0
8092,1.0
8093,1.0
8094,1.0
8095,1.0
8096,1.0
8097,1.0
8098,1.0
8248,1.0
8249,1.0
8250,1.0
8406,1.0
8407,1.0
8408,1.0
8409,1.0
8410,1.0
8411,1.0
8412,1.0
8637,1.0
8638,1.0
8639,1.0
8640,1.0
8641,1.0
8642,1.0
8643,1.0
8698,1.0
8699,1.0
8700,1.0
8701,1.0
8702,1.0
8703,1.0
8704,1.0
8885,1.0
8902,1.0
8903,1.0
8904,1.0
9051,1.0
9052,1.0
9053,1.0
9054,1.0
9055,1.0
9056,1.0
9057,1.0
9058,1.0
9363,1.0
9364,1.0
9365,1.0
9366,1.0
9367,1.0
9368,1.0
9386,1.0
9387,1.0
9388,1.0
9389,1.0
9391,1.0
9412,1.0
9414,1.0
9415,1.0
9416,1.0
9417,1.0
9418,1.0
9419,1.0
9434,1.0
9439,1.0
9440,1.0
9441,1.0
9442,1.0
9459,1.0
9460,1.0
9461,1.0
9462,1.0
9463,1.0
9464,1.0
9479,1.0
9480,1.0
9481,1.0
9482,1.0
9524,1.0
9525,1.0
9526,1.0
9527,1.0
9528,1.0
9529,1.0
9545,1.0
9551,1.0
9552,1.0
9569,1.0
9570,1.0
9576,1.0
9577,1.0
9578,1.0
9630,1.0
9643,1.0
9644,1.0
9645,1.0
9650,1.0
9651,1.0
9668,1.0
9669,1.0
9670,1.0
9673,1.0
9674,1.0
9675,1.0
9694,1.0
9699,1.0
9700,1.0
9701,1.0
9721,1.0
9723,1.0
9724,1.0
9725,1.0
9741,1.0
9742,1.0
9743,1.0
9745,1.0
9754,1.0
9756,1.0
9757,1.0
9758,1.0
9759,1.0
9825,1.0
9826,1.0
9827,1.0
9828,1.0
9829,1.0
9864,1.0
9865,1.0
9866,1.0
9867,1.0
9868,1.0
9884,1.0
9885,1.0
9886,1.0
9888,1.0
9893,1.0
9913,1.0
9915,1.0
9916,1.0
9917,1.0
9918,1.0
9919,1.0
9939,1.0
9940,1.0
9941,1.0
9942,1.0
9943,1.0
9944,1.0
9945,1.0
9962,1.0
9963,1.0
9964,1.0
9966,1.0
9967,1.0
9989,1.0
9990,1.0
9992,1.0
9993,1.0
9994,1.0
9995,1.0
10014,1.0
10015,1.0
10016,1.0
10054,1.0
10055,1.0
10056,1.0
10058,1.0
10059,1.0
10060,1.0
10099,1.0
10100,1.0
10101,1.0
10102,1.0
10103,1.0
10126,1.0
10131,1.0
10132,1.0
10133,1.0
10155,1.0
10156,1.0
10157,1.0
10158,1.0
10159,1.0
10160,1.0
10176,1.0
10182,1.0
10183,1.0
10184,1.0
10200,1.0
10201,1.0
10202,1.0
10208,1.0
10209,1.0
10210,1.0
10221,1.0
10227,1.0
10228,1.0
10229,1.0
10247,1.0
10248,1.0
10249,1.0
10250,1.0
10251,1.0
10252,1.0
10279,1.0
10281,1.0
10282,1.0
10283,1.0
10284,1.0
10312,1.0
10313,1.0
10314,1.0
10317,1.0
10318,1.0
10319,1.0
10320,1.0
10349,1.0
10350,1.0
10351,1.0
10352,1.0
10446,1.0
10447,1.0
10448,1.0
10449,1.0
10450,1.0
10531,1.0
10532,1.0
10533,1.0
10534,1.0
10535,1.0
10536,1.0
10576,1.0
10581,1.0
10582,1.0
10633,1.0
10634,1.0
10635,1.0
10636,1.0
10637,1.0
10638,1.0
10639,1.0
10658,1.0
10659,1.0
10660,1.0
10661,1.0
10662,1.0
10663,1.0
10664,1.0
10665,1.0
10666,1.0
10667,1.0
10668,1.0
10669,1.0
10671,1.0
10672,1.0
10720,1.0
10721,1.0
10723,1.0
10724,1.0
10725,1.0
10726,1.0
10727,1.0
10747,1.0
10748,1.0
10749,1.0
10821,1.0
10900,1.0
10901,1.0
10902,1.0
10903,1.0
10963,1.0
10964,1.0
10965,1.0
10966,1.0
10967,1.0
11144,1.0
11174,1.0
11175,1.0
11176,1.0
11178,1.0
11179,1.0
11180,1.0
11212,1.0
11213,1.0
11214,1.0
11215,1.0
11274,1.0
11275,1.0
11276,1.0
11277,1.0
11279,1.0
11280,1.0
11306,1.0
11307,1.0
11309,1.0
11310,1.0
11311,1.0
11312,1.0
11313,1.0
11334,1.0
11335,1.0
11336,1.0
11337,1.0
11338,1.0
11339,1.0
11340,1.0
11341,1.0
11342,1.0
11343,1.0
11344,1.0
11345,1.0
11346,1.0
11378,1.0
11379,1.0
11380,1.0
11381,1.0
11382,1.0
11383,1.0
11384,1.0
11409,1.0
11410,1.0
11411,1.0
11412,1.0
11440,1.0
11441,1.0
11442,1.0
11443,1.0
11465,1.0
11466,1.0
11467,1.0
11468,1.0
11499,1.0
11500,1.0
11501,1.0
11502,1.0
11503,1.0
11504,1.0
11505,1.0
11690,1.0
11691,1.0
11692,1.0
11693,1.0
11694,1.0
11941,1.0
12297,1.0
12298,1.0
12299,1.0
12300,1.0
12346,1.0
12347,1.0
12348,1.0
12349,1.0
12350,1.0
12351,1.0
12505,1.0
12506,1.0
12566,1.0
12567,1.0
12568,1.0
12572,1.0
12627,1.0
12628,1.0
12629,1.0
12630,1.0
12672,1.0
12673,1.0
12675,1.0
12676,1.0
13272,1.0
13274,1.0
13275,1.0
13276,1.0
13277,1.0
13278,1.0
13279,1.0
13398,1.0
13399,1.0
13401,1.0
13407,1.0
13408,1.0
13546,1.0
13548,1.0
13549,1.0
13550,1.0
13588,1.0
13589,1.0
13590,1.0
13592,1.0
13593,1.0
13594,1.0
13653,1.0
13654,1.0
13655,1.0
13727,1.0
13728,1.0
13729,1.0
13735,1.0
13736,1.0
13737,1.0
13738,1.0
13884,1.0
13885,1.0
13886,1.0
13887,1.0
13888,1.0
13889,1.0
13890,1.0
14030,1.0
14031,1.0
14032,1.0
14033,1.0
14315,1.0
14316,1.0
14317,1.0
14360,1.0
14361,1.0
14362,1.0
14363,1.0
14364,1.0
14365,1.0
14469,1.0
14474,1.0
14475,1.0
14476,1.0
14477,1.0
14537,1.0
14643,1.0
14644,1.0
14645,1.0
14763,1.0
14764,1.0
14765,1.0
14771,1.0
14772,1.0
14773,1.0
14774,1.0
15109,1.0
15110,1.0
15111,1.0
15327,1.0
15328,1.0
15329,1.0
15331,1.0
15332,1.0
15333,1.0
15334,1.0
15395,1.0
15486,1.0
15488,1.0
15489,1.0
15490,1.0
15491,1.0
15492,1.0
15493,1.0
15579,1.0
15614,1.0
15615,1.0
15617,1.0
15618,1.0
15619,1.0
15620,1.0
15621,1.0
15668,1.0
15670,1.0
15671,1.0
15672,1.0
15673,1.0
15674,1.0
15758,1.0
15763,1.0
15764,1.0
15765,1.0
15808,1.0
15809,1.0
15810,1.0
15811,1.0
15812,1.0
15869,1.0
15870,1.0
15872,1.0
15873,1.0
15874,1.0
15875,1.0
15907,1.0
15908,1.0
15909,1.0
15910,1.0
15911,1.0
15912,1.0
15913,1.0
15941,1.0
15942,1.0
15943,1.0
15944,1.0
15945,1.0
15946,1.0
16015,1.0
16017,1.0
16018,1.0
16019,1.0
16020,1.0
16021,1.0
16022,1.0
16065,1.0
16070,1.0
16071,1.0
16130,1.0
16131,1.0
16132,1.0
16137,1.0
16162,1.0
16163,1.0
16166,1.0
16167,1.0
16168,1.0
16196,1.0
16197,1.0
16198,1.0
16202,1.0
16203,1.0
16204,1.0
16205,1.0
16262,1.0
16263,1.0
16265,1.0
16266,1.0
16267,1.0
16294,1.0
16295,1.0
16296,1.0
16297,1.0
16299,1.0
16300,1.0
16301,1.0
16556,1.0
16557,1.0
16558,1.0
16559,1.0
16649,1.0
16650,1.0
16651,1.0
16652,1.0
16653,1.0
16654,1.0
16655,1.0
16656,1.0
16657,1.0
16774,1.0
16823,1.0
16824,1.0
16825,1.0
16826,1.0
16827,1.0
16828,1.0
16829,1.0
16830,1.0
16831,1.0
16832,1.0
16843,1.0
16860,1.0
16862,1.0
16863,1.0
16864,1.0
16865,1.0
16866,1.0
16867,1.0
16868,1.0
16869,1.0
16870,1.0
16871,1.0
16872,1.0
16873,1.0
16875,1.0
16878,1.0
16879,1.0
16880,1.0
16881,1.0
16882,1.0
16883,1.0
16884,1.0
16973,1.0
16974,1.0
16975,1.0
16976,1.0
16977,1.0
16978,1.0
16979,1.0
16980,1.0
16981,1.0
16982,1.0
16983,1.0
16984,1.0
16985,1.0
16986,1.0
16987,1.0
16988,1.0
16989,1.0
16990,1.0
16991,1.0
16992,1.0
16993,1.0
16994,1.0
16995,1.0
16996,1.0
16997,1.0
16998,1.0
16999,1.0
17000,1.0
17001,1.0
17002,1.0
17003,1.0
17004,1.0
17005,1.0
17006,1.0
17007,1.0
17008,1.0
17009,1.0
17010,1.0
17011,1.0
17012,1.0
17013,1.0
17014,1.0
17015,1.0
17016,1.0
17017,1.0
17018,1.0
17019,1.0
17020,1.0
17021,1.0
17022,1.0
17023,1.0
17024,1.0
17025,1.0
17026,1.0
17027,1.0
17028,1.0
17029,1.0
17030,1.0
17031,1.0
17032,1.0
17033,1.0
17034,1.0
17035,1.0
17036,1.0
17037,1.0
17038,1.0
17039,1.0
17040,1.0
17041,1.0
17042,1.0
17043,1.0
17044,1.0
17045,1.0
17046,1.0
17047,1.0
17048,1.0
17049,1.0
17050,1.0
17051,1.0
17052,1.0
17053,1.0
17054,1.0
17055,1.0
17056,1.0
17057,1.0
17058,1.0
17059,1.0
17060,1.0
17061,1.0
17062,1.0
17063,1.0
17064,1.0
17065,1.0
17066,1.0
17067,1.0
17068,1.0
17069,1.0
17070,1.0
17071,1.0
17072,1.0
17073,1.0
17074,1.0
17075,1.0
17076,1.0
17077,1.0
17078,1.0
17079,1.0
17080,1.0
17081,1.0
17082,1.0
17083,1.0
17084,1.0
17085,1.0
17086,1.0
17087,1.0
17088,1.0
17089,1.0
17090,1.0
17091,1.0
17092,1.0
17093,1.0
17094,1.0
17095,1.0
17096,1.0
17097,1.0
17098,1.0
17099,1.0
17100,1.0
17101,1.0
18099,1.0
18100,1.0
18101,1.0
18102,1.0
18103,1.0
18384,1.0
18697,1.0
18838,1.0
18839,1.0
18841,1.0
18846,1.0
18947,1.0
18949,1.0
19662,1.0
19663,1.0
19664,1.0
19665,1.0
19666,1.0
19667,1.0
19668,1.0
19716,1.0
19717,1.0
19718,1.0
19719,1.0
19720,1.0
20639,1.0
20640,1.0
20641,1.0
20642,1.0
20643,1.0
20682,1.0
21070,1.0
21071,1.0
21072,1.0
21073,1.0
21074,1.0
21075,1.0
21331,1.0
21332,1.0
21333,1.0
21334,1.0
21335,1.0
21338,1.0
21339,1.0
21345,1.0
21353,1.0
21354,1.0
21355,1.0
21356,1.0
21357,1.0
21358,1.0
21359,1.0
21367,1.0
21368,1.0
21369,1.0
21370,1.0
21371,1.0
21372,1.0
21373,1.0
21374,1.0
21375,1.0
21376,1.0
21377,1.0
21378,1.0
21379,1.0
21380,1.0
21381,1.0
21382,1.0
21383,1.0
21384,1.0
21385,1.0
21386,1.0
21387,1.0
21388,1.0
21389,1.0
21390,1.0
21391,1.0
21392,1.0
21393,1.0
21783,1.0
21784,1.0
21785,1.0
21786,1.0
21787,1.0
22173,1.0
22174,1.0
22175,1.0
22176,1.0
22177,1.0
22178,1.0
22179,1.0
22246,1.0
22247,1.0
22248,1.0
22249,1.0
22250,1.0
22251,1.0
22252,1.0
24703,1.0
24704,1.0
24705,1.0
24706,1.0
24707,1.0
24775,1.0
24776,1.0
24777,1.0
24778,1.0
24779,1.0
24780,1.0
24781,1.0
24782,1.0
24783,1.0
24784,1.0
24785,1.0
24786,1.0
24787,1.0
24815,1.0
24816,1.0
24817,1.0
24818,1.0
24819,1.0
24820,1.0
24821,1.0
24830,1.0
24831,1.0
24832,1.0
24833,1.0
24834,1.0
24835,1.0
24836,1.0
24837,1.0
24859,1.0
24860,1.0
24861,1.0
24862,1.0
24863,1.0
24864,1.0
24865,1.0
24866,1.0
24867,1.0
24868,1.0
24869,1.0
24891,1.0
24892,1.0
24893,1.0
24901,1.0
24902,1.0
24903,1.0
24904,1.0
24905,1.0
24906,1.0
24917,1.0
24918,1.0
24919,1.0
24920,1.0
24921,1.0
24932,1.0
24933,1.0
24934,1.0
24935,1.0
24936,1.0
24937,1.0
24938,1.0
24939,1.0
24940,1.0
24947,1.0
24948,1.0
24955,1.0
24956,1.0
24959,1.0
24960,1.0
24961,1.0
24962,1.0
24963,1.0
24964,1.0
24965,1.0
24966,1.0
24967,1.0
24989,1.0
24990,1.0
24991,1.0
24992,1.0
24993,1.0
24994,1.0
25003,1.0
25004,1.0
25005,1.0
25006,1.0
25007,1.0
25008,1.0
25018,1.0
25019,1.0
25020,1.0
25021,1.0
25022,1.0
25023,1.0
25024,1.0
25025,1.0
25026,1.0
25031,1.0
25032,1.0
25033,1.0
25045,1.0
25046,1.0
25047,1.0
25048,1.0
25049,1.0
25050,1.0
25051,1.0
25052,1.0
25060,1.0
25061,1.0
25070,1.0
25071,1.0
25072,1.0
25073,1.0
25074,1.0
25075,1.0
25076,1.0
25077,1.0
25078,1.0
25079,1.0
25091,1.0
25092,1.0
25093,1.0
25094,1.0
25095,1.0
25103,1.0
25104,1.0
25106,1.0
25107,1.0
25108,1.0
25109,1.0
25110,1.0
25111,1.0
25114,1.0
25115,1.0
25128,1.0
25131,1.0
25132,1.0
25133,1.0
25134,1.0
25135,1.0
25136,1.0
25137,1.0
25138,1.0
25141,1.0
25142,1.0
25147,1.0
25148,1.0
25151,1.0
25152,1.0
25153,1.0
25154,1.0
25155,1.0
25156,1.0
25159,1.0
25160,1.0
25166,1.0
25167,1.0
25172,1.0
25173,1.0
25176,1.0
25177,1.0
25178,1.0
25179,1.0
25180,1.0
25184,1.0
25185,1.0
25190,1.0
25191,1.0
25196,1.0
25197,1.0
25200,1.0
25201,1.0
25205,1.0
25206,1.0
25211,1.0
25212,1.0
25220,1.0
25221,1.0
25224,1.0
25225,1.0
25226,1.0
25227,1.0
25228,1.0
25231,1.0
25232,1.0
25238,1.0
25239,1.0
25242,1.0
25243,1.0
25244,1.0
25245,1.0
25246,1.0
25249,1.0
25250,1.0
25254,1.0
25255,1.0
25256,1.0
25257,1.0
25258,1.0
25259,1.0
25260,1.0
25261,1.0
25262,1.0
25263,1.0
25264,1.0
25275,1.0
25276,1.0
25277,1.0
25278,1.0
25279,1.0
25280,1.0
25281,1.0
25282,1.0
25283,1.0
25284,1.0
25293,1.0
25294,1.0
25295,1.0
25296,1.0
25297,1.0
25305,1.0
25306,1.0
25307,1.0
25308,1.0
25309,1.0
25310,1.0
25311,1.0
25312,1.0
25313,1.0
25314,1.0
25315,1.0
25316,1.0
25327,1.0
25328,1.0
25329,1.0
25330,1.0
25339,1.0
25340,1.0
25341,1.0
25342,1.0
25343,1.0
25344,1.0
25345,1.0
25346,1.0
25347,1.0
25348,1.0
25349,1.0
25350,1.0
25351,1.0
25352,1.0
25360,1.0
25361,1.0
25362,1.0
25363,1.0
25364,1.0
25365,1.0
25366,1.0
25367,1.0
25368,1.0
25369,1.0
25376,1.0
25377,1.0
25378,1.0
25379,1.0
25380,1.0
25381,1.0
25382,1.0
25383,1.0
25384,1.0
25385,1.0
25390,1.0
25391,1.0
25392,1.0
25393,1.0
25394,1.0
25395,1.0
25396,1.0
25397,1.0
25401,1.0
25402,1.0
25403,1.0
25404,1.0
25409,1.0
25410,1.0
25411,1.0
25412,1.0
25413,1.0
25414,1.0
25415,1.0
25416,1.0
25417,1.0
25422,1.0
25423,1.0
25424,1.0
25425,1.0
25429,1.0
25430,1.0
25431,1.0
25432,1.0
25433,1.0
25434,1.0
25435,1.0
25436,1.0
25437,1.0
25438,1.0
25444,1.0
25445,1.0
25446,1.0
25447,1.0
25452,1.0
25453,1.0
25454,1.0
25455,1.0
25456,1.0
25457,1.0
25458,1.0
25459,1.0
25465,1.0
25466,1.0
25467,1.0
25474,1.0
25475,1.0
25476,1.0
25477,1.0
25478,1.0
25479,1.0
25483,1.0
25484,1.0
25485,1.0
25486,1.0
25487,1.0
25488,1.0
25489,1.0
25490,1.0
25491,1.0
25492,1.0
25493,1.0
25494,1.0
25498,1.0
25499,1.0
25501,1.0
25502,1.0
25503,1.0
25504,1.0
25505,1.0
25506,1.0
25507,1.0
25508,1.0
25509,1.0
25511,1.0
25512,1.0
25517,1.0
25518,1.0
25520,1.0
25521,1.0
25522,1.0
25523,1.0
25524,1.0
25525,1.0
25526,1.0
25527,1.0
25529,1.0
25530,1.0
25533,1.0
25534,1.0
25537,1.0
25538,1.0
25539,1.0
25540,1.0
25541,1.0
25542,1.0
25543,1.0
25544,1.0
25545,1.0
25546,1.0
25547,1.0
25548,1.0
25549,1.0
25551,1.0
25552,1.0
25557,1.0
25558,1.0
25560,1.0
25561,1.0
25562,1.0
25563,1.0
25564,1.0
25565,1.0
25566,1.0
25567,1.0
25568,1.0
25569,1.0
25570,1.0
25571,1.0
25572,1.0
25573,1.0
25574,1.0
25575,1.0
25576,1.0
25577,1.0
25578,1.0
25579,1.0
25581,1.0
25582,1.0
25585,1.0
25586,1.0
25587,1.0
25588,1.0
25589,1.0
25590,1.0
25591,1.0
25592,1.0
25593,1.0
25594,1.0
25598,1.0
25599,1.0
25600,1.0
25601,1.0
25602,1.0
25603,1.0
25604,1.0
25605,1.0
25606,1.0
25607,1.0
25608,1.0
25609,1.0
25610,1.0
25611,1.0
25612,1.0
25613,1.0
25614,1.0
25615,1.0
25616,1.0
25617,1.0
25618,1.0
25619,1.0
25620,1.0
25621,1.0
25622,1.0
25623,1.0
25624,1.0
25625,1.0
25626,1.0
25627,1.0
25628,1.0
25629,1.0
25630,1.0
25631,1.0
25632,1.0
25633,1.0
25634,1.0
25635,1.0
25636,1.0
25637,1.0
25638,1.0
25639,1.0
25640,1.0
25641,1.0
25642,1.0
25643,1.0
25644,1.0
25645,1.0
25646,1.0
25647,1.0
25648,1.0
25649,1.0
25650,1.0
25651,1.0
25652,1.0
25653,1.0
25654,1.0
25655,1.0
25656,1.0
25657,1.0
25658,1.0
25659,1.0
25660,1.0
25661,1.0
25662,1.0
25663,1.0
25664,1.0
25665,1.0
25666,1.0
25667,1.0
25668,1.0
25669,1.0
25670,1.0
25671,1.0
25672,1.0
25673,1.0
25674,1.0
25675,1.0
25676,1.0
25677,1.0
25678,1.0
25679,1.0
25680,1.0
25682,1.0
25683,1.0
25684,1.0
25685,1.0
25686,1.0
25687,1.0
25688,1.0
25689,1.0
25690,1.0
25691,1.0
25692,1.0
25693,1.0
25694,1.0
25695,1.0
25696,1.0
25697,1.0
25698,1.0
25699,1.0
25700,1.0
25701,1.0
25702,1.0
25703,1.0
25704,1.0
25705,1.0
25706,1.0
25707,1.0
25708,1.0
25709,1.0
25710,1.0
25711,1.0
25712,1.0
25713,1.0
25714,1.0
25715,1.0
25716,1.0
25717,1.0
25718,1.0
25719,1.0
25720,1.0
25721,1.0
25722,1.0
25723,1.0
25724,1.0
25725,1.0
25726,1.0
25727,1.0
25728,1.0
25729,1.0
25730,1.0
25731,1.0
25732,1.0
25733,1.0
25734,1.0
25735,1.0
25736,1.0
25737,1.0
25738,1.0
25739,1.0
25740,1.0
25743,1.0
25744,1.0
25745,1.0
25746,1.0
25747,1.0
25748,1.0
25749,1.0
25750,1.0
25751,1.0
25752,1.0
25753,1.0
25757,1.0
25758,1.0
25759,1.0
25760,1.0
25761,1.0
25762,1.0
25763,1.0
25764,1.0
25765,1.0
25766,1.0
25767,1.0
25768,1.0
25769,1.0
25770,1.0
25771,1.0
25772,1.0
25773,1.0
25774,1.0
25775,1.0
25776,1.0
25777,1.0
25778,1.0
25779,1.0
25780,1.0
25781,1.0
25785,1.0
25786,1.0
25807,1.0
25808,1.0
25809,1.0
25810,1.0
25811,1.0
25812,1.0
25813,1.0
25814,1.0
25815,1.0
25816,1.0
25837,1.0
25838,1.0
25839,1.0
25840,1.0
25841,1.0
25842,1.0
25843,1.0
25844,1.0
25845,1.0
25854,1.0
25855,1.0
25856,1.0
25857,1.0
25858,1.0
25859,1.0
25866,1.0
25867,1.0
25873,1.0
25880,1.0
25881,1.0
25882,1.0
25883,1.0
25892,1.0
25893,1.0
25894,1.0
25895,1.0
25896,1.0
25906,1.0
25907,1.0
25908,1.0
25909,1.0
25910,1.0
25911,1.0
25912,1.0
25913,1.0
25914,1.0
25925,1.0
25926,1.0
25927,1.0
25933,1.0
25934,1.0
25939,1.0
25940,1.0
25950,1.0
25951,1.0
25952,1.0
25953,1.0
25954,1.0
25959,1.0
25973,1.0
25974,1.0
25975,1.0
25976,1.0
25977,1.0
25978,1.0
26054,1.0
26055,1.0
26056,1.0
26069,1.0
26072,1.0
26073,1.0
26082,1.0
26083,1.0
26086,1.0
26091,1.0
26092,1.0
26205,1.0
26206,1.0
26207,1.0
26208,1.0
26209,1.0
26210,1.0
26211,1.0
26212,1.0
26221,1.0
26222,1.0
26223,1.0
26230,1.0
26231,1.0
26245,1.0
26246,1.0
26247,1.0
26248,1.0
26249,1.0
26250,1.0
26251,1.0
26252,1.0
26262,1.0
26263,1.0
26264,1.0
26265,1.0
26272,1.0
26273,1.0
26285,1.0
26286,1.0
26293,1.0
26294,1.0
26295,1.0
26307,1.0
26308,1.0
26309,1.0
26310,1.0
26311,1.0
26312,1.0
26313,1.0
26314,1.0
26315,1.0
26316,1.0
26329,1.0
26330,1.0
26332,1.0
26333,1.0
26334,1.0
26335,1.0
26349,1.0
26350,1.0
26351,1.0
26352,1.0
26353,1.0
26354,1.0
26379,1.0
26380,1.0
26381,1.0
26382,1.0
26383,1.0
26384,1.0
26398,1.0
26399,1.0
26400,1.0
26401,1.0
26413,1.0
26414,1.0
26415,1.0
26416,1.0
26417,1.0
26418,1.0
26419,1.0
26429,1.0
26430,1.0
26431,1.0
26443,1.0
26444,1.0
26445,1.0
26446,1.0
26447,1.0
26459,1.0
26460,1.0
26461,1.0
26462,1.0
26463,1.0
26464,1.0
26465,1.0
26466,1.0
26467,1.0
26468,1.0
26469,1.0
26470,1.0
26493,1.0
26494,1.0
26495,1.0
26496,1.0
26497,1.0
26498,1.0
26499,1.0
26500,1.0
26510,1.0
26511,1.0
26526,1.0
26527,1.0
26528,1.0
26529,1.0
26530,1.0
26531,1.0
26541,1.0
26542,1.0
26543,1.0
26544,1.0
26545,1.0
26546,1.0
26547,1.0
26558,1.0
26559,1.0
26560,1.0
26561,1.0
26568,1.0
26569,1.0
26574,1.0
26575,1.0
26576,1.0
26577,1.0
26578,1.0
26579,1.0
26589,1.0
26590,1.0
26596,1.0
26597,1.0
26606,1.0
26607,1.0
26614,1.0
26615,1.0
26616,1.0
26617,1.0
26618,1.0
26624,1.0
26625,1.0
26706,1.0
26707,1.0
26710,1.0
26711,1.0
26712,1.0
26713,1.0
26714,1.0
26715,1.0
26716,1.0
26719,1.0
26720,1.0
26769,1.0
26770,1.0
26775,1.0
26776,1.0
26777,1.0
26778,1.0
26779,1.0
26812,1.0
26813,1.0
26816,1.0
26817,1.0
26818,1.0
26851,1.0
26856,1.0
26857,1.0
26858,1.0
26859,1.0
26918,1.0
26919,1.0
26924,1.0
26925,1.0
26996,1.0
26997,1.0
27001,1.0
27002,1.0
27003,1.0
27004,1.0
27005,1.0
27006,1.0
27007,1.0
27011,1.0
27012,1.0
27017,1.0
27025,1.0
27026,1.0
27027,1.0
27058,1.0
27063,1.0
27064,1.0
27067,1.0
27110,1.0
27111,1.0
27112,1.0
27113,1.0
27116,1.0
27117,1.0
27132,1.0
27135,1.0
27136,1.0
27137,1.0
27138,1.0
27139,1.0
27140,1.0
27141,1.0
27142,1.0
27143,1.0
27144,1.0
27145,1.0
27146,1.0
27147,1.0
27148,1.0
27149,1.0
27150,1.0
27151,1.0
27152,1.0
27153,1.0
27154,1.0
27155,1.0
27169,1.0
27170,1.0
27171,1.0
27175,1.0
27176,1.0
27178,1.0
27194,1.0
27197,1.0
27198,1.0
27202,1.0
27223,1.0
27224,1.0
27225,1.0
27226,1.0
27227,1.0
27228,1.0
27258,1.0
27259,1.0
27260,1.0
27261,1.0
27262,1.0
27263,1.0
27284,1.0
27285,1.0
27286,1.0
27287,1.0
27288,1.0
27289,1.0
27290,1.0
27291,1.0
27294,1.0
27330,1.0
27331,1.0
27332,1.0
27333,1.0
27334,1.0
27382,1.0
27383,1.0
27386,1.0
27387,1.0
27388,1.0
27407,1.0
27408,1.0
27409,1.0
27410,1.0
27411,1.0
27412,1.0
27423,1.0
27424,1.0
27425,1.0
27427,1.0
27428,1.0
27429,1.0
27441,1.0
27442,1.0
27443,1.0
27444,1.0
27445,1.0
27472,1.0
27473,1.0
27474,1.0
27475,1.0
27476,1.0
27477,1.0
27479,1.0
27487,1.0
27517,1.0
27522,1.0
27523,1.0
27524,1.0
27535,1.0
27536,1.0
27539,1.0
27542,1.0
27543,1.0
27578,1.0
27579,1.0
27581,1.0
27582,1.0
27583,1.0
27584,1.0
27585,1.0
27599,1.0
27600,1.0
27603,1.0
27604,1.0
27624,1.0
27625,1.0
27627,1.0
27628,1.0
27629,1.0
27630,1.0
27658,1.0
27664,1.0
27665,1.0
27666,1.0
27676,1.0
27677,1.0
27678,1.0
27679,1.0
27683,1.0
27684,1.0
27685,1.0
27699,1.0
27700,1.0
27701,1.0
27705,1.0
27706,1.0
27707,1.0
27726,1.0
27727,1.0
27728,1.0
27729,1.0
27730,1.0
27731,1.0
27732,1.0
27744,1.0
27745,1.0
27746,1.0
27747,1.0
27748,1.0
27749,1.0
27750,1.0
27775,1.0
27776,1.0
27777,1.0
27778,1.0
27779,1.0
27793,1.0
27794,1.0
27795,1.0
27797,1.0
27798,1.0
27820,1.0
27821,1.0
27823,1.0
27824,1.0
27825,1.0
27826,1.0
27827,1.0
27878,1.0
27881,1.0
27882,1.0
27883,1.0
27884,1.0
27887,1.0
27888,1.0
27913,1.0
27914,1.0
27915,1.0
27917,1.0
27928,1.0
27929,1.0
27930,1.0
27932,1.0
27933,1.0
27934,1.0
27950,1.0
27951,1.0
27952,1.0
27954,1.0
27955,1.0
27956,1.0
27957,1.0
27972,1.0
27973,1.0
27974,1.0
27975,1.0
27976,1.0
27977,1.0
28006,1.0
28007,1.0
28008,1.0
28009,1.0
28010,1.0
28011,1.0
28025,1.0
28026,1.0
28027,1.0
28028,1.0
28029,1.0
28030,1.0
28048,1.0
28049,1.0
28050,1.0
28051,1.0
28052,1.0
28053,1.0
28063,1.0
28064,1.0
28065,1.0
28066,1.0
28086,1.0
28087,1.0
28088,1.0
28099,1.0
28100,1.0
28101,1.0
28107,1.0
28108,1.0
28109,1.0
28110,1.0
28115,1.0
28116,1.0
28124,1.0
28125,1.0
28126,1.0
28139,1.0
28140,1.0
28141,1.0
28142,1.0
28153,1.0
28154,1.0
28155,1.0
28156,1.0
28157,1.0
28174,1.0
28175,1.0
28176,1.0
28177,1.0
28178,1.0
28179,1.0
28191,1.0
28192,1.0
28193,1.0
28194,1.0
28195,1.0
28196,1.0
28208,1.0
28209,1.0
28210,1.0
28211,1.0
28212,1.0
28213,1.0
28215,1.0
28231,1.0
28234,1.0
28235,1.0
28236,1.0
28237,1.0
28238,1.0
28250,1.0
28251,1.0
28252,1.0
28254,1.0
28271,1.0
28272,1.0
28273,1.0
28274,1.0
28275,1.0
28285,1.0
28286,1.0
28287,1.0
28288,1.0
28289,1.0
28290,1.0
28307,1.0
28308,1.0
28309,1.0
28310,1.0
28311,1.0
28312,1.0
28313,1.0
28329,1.0
28330,1.0
28331,1.0
28332,1.0
28333,1.0
28334,1.0
28343,1.0
28344,1.0
28345,1.0
28346,1.0
28347,1.0
28387,1.0
28388,1.0
28389,1.0
28391,1.0
28392,1.0
28393,1.0
28394,1.0
28404,1.0
28405,1.0
28406,1.0
28408,1.0
28409,1.0
28410,1.0
28423,1.0
28424,1.0
28425,1.0
28427,1.0
28428,1.0
28429,1.0
28438,1.0
28441,1.0
28442,1.0
28443,1.0
28461,1.0
28462,1.0
28463,1.0
28465,1.0
28466,1.0
28467,1.0
28477,1.0
28493,1.0
28501,1.0
28502,1.0
28503,1.0
28524,1.0
28525,1.0
28526,1.0
28527,1.0
28555,1.0
28556,1.0
28557,1.0
28558,1.0
28559,1.0
28571,1.0
28572,1.0
28573,1.0
28574,1.0
28575,1.0
28576,1.0
28578,1.0
28587,1.0
28588,1.0
28589,1.0
28590,1.0
28591,1.0
28592,1.0
28596,1.0
28599,1.0
28600,1.0
28613,1.0
28617,1.0
28618,1.0
28631,1.0
28632,1.0
28633,1.0
28634,1.0
28635,1.0
28636,1.0
28646,1.0
28647,1.0
28648,1.0
28649,1.0
28650,1.0
28651,1.0
28652,1.0
28654,1.0
28655,1.0
28677,1.0
28678,1.0
28679,1.0
28690,1.0
28691,1.0
28692,1.0
28693,1.0
28694,1.0
28703,1.0
28704,1.0
28705,1.0
28706,1.0
28707,1.0
28708,1.0
28709,1.0
28711,1.0
28712,1.0
28722,1.0
28723,1.0
28724,1.0
28725,1.0
28726,1.0
28727,1.0
28732,1.0
28733,1.0
28734,1.0
28744,1.0
28746,1.0
28747,1.0
28752,1.0
28756,1.0
28757,1.0
28759,1.0
28771,1.0
28772,1.0
28773,1.0
28777,1.0
28778,1.0
28779,1.0
28780,1.0
28781,1.0
28786,1.0
28787,1.0
28788,1.0
28803,1.0
28804,1.0
28805,1.0
28810,1.0
28814,1.0
28815,1.0
28816,1.0
28834,1.0
28835,1.0
28836,1.0
28837,1.0
28843,1.0
28844,1.0
28847,1.0
28848,1.0
28864,1.0
28865,1.0
28866,1.0
28867,1.0
28868,1.0
28884,1.0
28885,1.0
28886,1.0
28888,1.0
28889,1.0
28890,1.0
28891,1.0
28901,1.0
28902,1.0
28903,1.0
28904,1.0
28906,1.0
28907,1.0
28908,1.0
28929,1.0
28930,1.0
28931,1.0
28932,1.0
28935,1.0
28936,1.0
28937,1.0
28938,1.0
28939,1.0
28940,1.0
28941,1.0
28947,1.0
28948,1.0
28949,1.0
28970,1.0
28971,1.0
28972,1.0
28973,1.0
28974,1.0
28975,1.0
28987,1.0
28988,1.0
28989,1.0
28998,1.0
28999,1.0
29000,1.0
29001,1.0
29002,1.0
29003,1.0
29004,1.0
29007,1.0
29010,1.0
29011,1.0
29015,1.0
29018,1.0
29019,1.0
29020,1.0
29021,1.0
29022,1.0
29023,1.0
29025,1.0
29031,1.0
29032,1.0
29033,1.0
29034,1.0
29035,1.0
29040,1.0
29042,1.0
29043,1.0
29044,1.0
29045,1.0
29047,1.0
29052,1.0
29053,1.0
29054,1.0
29055,1.0
29056,1.0
29057,1.0
29058,1.0
29059,1.0
29060,1.0
29061,1.0
29062,1.0
29063,1.0
29064,1.0
29065,1.0
29066,1.0
29075,1.0
29076,1.0
29077,1.0
29078,1.0
29079,1.0
29080,1.0
29081,1.0
29082,1.0
29083,1.0
29084,1.0
29085,1.0
29086,1.0
29087,1.0
29094,1.0
29095,1.0
29096,1.0
29097,1.0
29098,1.0
29099,1.0
29100,1.0
29101,1.0
29102,1.0
29103,1.0
29104,1.0
29105,1.0
29106,1.0
29107,1.0
29110,1.0
29111,1.0
29114,1.0
29115,1.0
29116,1.0
29117,1.0
29118,1.0
29121,1.0
29122,1.0
29124,1.0
29125,1.0
29126,1.0
29127,1.0
29128,1.0
29129,1.0
29130,1.0
29131,1.0
29132,1.0
29141,1.0
29158,1.0
29159,1.0
29160,1.0
29162,1.0
29185,1.0
29186,1.0
29187,1.0
29188,1.0
29189,1.0
29190,1.0
29221,1.0
29222,1.0
29223,1.0
29224,1.0
29225,1.0
29226,1.0
29237,1.0
29239,1.0
29240,1.0
29241,1.0
29242,1.0
29243,1.0
29244,1.0
29245,1.0
29246,1.0
29247,1.0
29248,1.0
29249,1.0
29251,1.0
29288,1.0
29290,1.0
29301,1.0
29302,1.0
29304,1.0
29308,1.0
29309,1.0
29332,1.0
29334,1.0
29358,1.0
29359,1.0
29361,1.0
29362,1.0
29363,1.0
29364,1.0
29365,1.0
29373,1.0
29382,1.0
29383,1.0
29388,1.0
29389,1.0
29390,1.0
29412,1.0
29413,1.0
29414,1.0
29415,1.0
29416,1.0
29417,1.0
29418,1.0
29438,1.0
29439,1.0
29440,1.0
29441,1.0
29462,1.0
29463,1.0
29464,1.0
29465,1.0
29477,1.0
29479,1.0
29480,1.0
29491,1.0
29492,1.0
29493,1.0
29494,1.0
29495,1.0
29496,1.0
29497,1.0
29511,1.0
29512,1.0
29514,1.0
29515,1.0
29539,1.0
29540,1.0
29542,1.0
29543,1.0
29544,1.0
29559,1.0
29560,1.0
29561,1.0
29562,1.0
29603,1.0
29608,1.0
29609,1.0
29610,1.0
29611,1.0
29629,1.0
29630,1.0
29631,1.0
29632,1.0
29633,1.0
29634,1.0
29681,1.0
29682,1.0
29683,1.0
29684,1.0
29685,1.0
29686,1.0
29733,1.0
29734,1.0
29735,1.0
29736,1.0
29737,1.0
29738,1.0
29820,1.0
29821,1.0
29844,1.0
29875,1.0
29876,1.0
29877,1.0
29878,1.0
29879,1.0
29880,1.0
29881,1.0
29904,1.0
29905,1.0
29935,1.0
29936,1.0
29937,1.0
29938,1.0
29939,1.0
29940,1.0
29941,1.0
29989,1.0
29990,1.0
29991,1.0
29993,1.0
30028,1.0
30029,1.0
30030,1.0
30031,1.0
30032,1.0
30033,1.0
30034,1.0
30047,1.0
30075,1.0
30076,1.0
30077,1.0
30078,1.0
30079,1.0
30080,1.0
30098,1.0
30099,1.0
30100,1.0
30101,1.0
30102,1.0
30103,1.0
30104,1.0
30137,1.0
30138,1.0
30139,1.0
30140,1.0
30141,1.0
30189,1.0
30190,1.0
30191,1.0
30192,1.0
30251,1.0
30252,1.0
30253,1.0
30255,1.0
30290,1.0
30291,1.0
30292,1.0
30293,1.0
30294,1.0
30326,1.0
30327,1.0
30328,1.0
30330,1.0
30350,1.0
30352,1.0
30353,1.0
30354,1.0
30355,1.0
30356,1.0
30357,1.0
30414,1.0
30419,1.0
30420,1.0
30421,1.0
30444,1.0
30446,1.0
30447,1.0
30448,1.0
30449,1.0
30450,1.0
30451,1.0
30475,1.0
30476,1.0
30477,1.0
30478,1.0
30479,1.0
30480,1.0
30510,1.0
30511,1.0
30512,1.0
30513,1.0
30515,1.0
30516,1.0
30539,1.0
30540,1.0
30542,1.0
30543,1.0
30544,1.0
30554,1.0
30556,1.0
30557,1.0
30558,1.0
30559,1.0
30560,1.0
30561,1.0
30562,1.0
30564,1.0
30569,1.0
30570,1.0
30580,1.0
30581,1.0
30582,1.0
30583,1.0
30584,1.0
30595,1.0
30596,1.0
30597,1.0
30600,1.0
30601,1.0
30602,1.0
30606,1.0
30607,1.0
30608,1.0
30609,1.0
30670,1.0
30671,1.0
30684,1.0
30685,1.0
30686,1.0
30690,1.0
30691,1.0
30692,1.0
30693,1.0
30711,1.0
30712,1.0
30713,1.0
30714,1.0
30715,1.0
30727,1.0
30728,1.0
30729,1.0
30730,1.0
30731,1.0
30732,1.0
30733,1.0
30752,1.0
30753,1.0
30754,1.0
30755,1.0
30756,1.0
30769,1.0
30770,1.0
30771,1.0
30772,1.0
30773,1.0
30774,1.0
30775,1.0
30819,1.0
30820,1.0
30821,1.0
30822,1.0
30832,1.0
30833,1.0
30834,1.0
30835,1.0
30851,1.0
30852,1.0
30853,1.0
30854,1.0
30855,1.0
30856,1.0
30869,1.0
30870,1.0
30871,1.0
30872,1.0
30873,1.0
30874,1.0
30875,1.0
30876,1.0
30877,1.0
30878,1.0
30879,1.0
30880,1.0
30882,1.0
30883,1.0
30902,1.0
30903,1.0
30904,1.0
30905,1.0
30917,1.0
30918,1.0
30919,1.0
30920,1.0
30921,1.0
30933,1.0
30934,1.0
30935,1.0
30937,1.0
30938,1.0
30939,1.0
30950,1.0
30951,1.0
30952,1.0
30953,1.0
30954,1.0
30955,1.0
30956,1.0
30992,1.0
30993,1.0
30994,1.0
30995,1.0
30996,1.0
30997,1.0
30998,1.0
31027,1.0
31030,1.0
31031,1.0
31032,1.0
31033,1.0
31062,1.0
31063,1.0
31065,1.0
31066,1.0
31067,1.0
31068,1.0
31089,1.0
31090,1.0
31091,1.0
31092,1.0
31102,1.0
31103,1.0
31104,1.0
31105,1.0
31106,1.0
31107,1.0
31109,1.0
31124,1.0
31125,1.0
31135,1.0
31136,1.0
31139,1.0
31142,1.0
31143,1.0
31166,1.0
31168,1.0
31169,1.0
31170,1.0
31171,1.0
31191,1.0
31192,1.0
31193,1.0
31194,1.0
31196,1.0
31197,1.0
31219,1.0
31220,1.0
31221,1.0
31222,1.0
31242,1.0
31243,1.0
31244,1.0
31245,1.0
31246,1.0
31276,1.0
31277,1.0
31278,1.0
31280,1.0
31301,1.0
31303,1.0
31304,1.0
31305,1.0
31306,1.0
31307,1.0
31324,1.0
31327,1.0
31354,1.0
31356,1.0
31357,1.0
31358,1.0
31359,1.0
31360,1.0
31361,1.0
31402,1.0
31403,1.0
31404,1.0
31405,1.0
31406,1.0
31407,1.0
31563,1.0
31564,1.0
31565,1.0
31566,1.0
31572,1.0
31786,1.0
31787,1.0
31788,1.0
31789,1.0
31790,1.0
32116,1.0
32117,1.0
32118,1.0
32119,1.0
32120,1.0
32272,1.0
32273,1.0
32274,1.0
32276,1.0
32277,1.0
32278,1.0
32279,1.0
32512,1.0
32513,1.0
32514,1.0
32516,1.0
32517,1.0
32593,1.0
32594,1.0
32596,1.0
32597,1.0
32598,1.0
32604,1.0
32715,1.0
32716,1.0
32717,1.0
32719,1.0
32720,1.0
32788,1.0
32790,1.0
32791,1.0
32792,1.0
32872,1.0
32873,1.0
32874,1.0
32875,1.0
32876,1.0
32877,1.0
32878,1.0
33013,1.0
33014,1.0
33015,1.0
33016,1.0
33017,1.0
33018,1.0
33074,1.0
33075,1.0
33077,1.0
33078,1.0
33079,1.0
33080,1.0
33081,1.0
33159,1.0
33160,1.0
33162,1.0
33163,1.0
33169,1.0
33274,1.0
33275,1.0
33276,1.0
33280,1.0
33281,1.0
33283,1.0
33408,1.0
33954,1.0
33955,1.0
33957,1.0
34195,1.0
34196,1.0
34197,1.0
34198,1.0
34199,1.0
34200,1.0
34201,1.0
34229,1.0
34230,1.0
34282,1.0
34284,1.0
34285,1.0
34330,1.0
34331,1.0
34333,1.0
34334,1.0
34393,1.0
34395,1.0
34396,1.0
34397,1.0
34450,1.0
34451,1.0
34452,1.0
34453,1.0
34454,1.0
34455,1.0
34457,1.0
34510,1.0
34511,1.0
34512,1.0
34517,1.0
34518,1.0
34545,1.0
34546,1.0
34547,1.0
34548,1.0
34549,1.0
34550,1.0
34551,1.0
34648,1.0
34650,1.0
34651,1.0
34652,1.0
34653,1.0
34690,1.0
34691,1.0
34692,1.0
34693,1.0
34694,1.0
34696,1.0
34742,1.0
34744,1.0
34745,1.0
34761,1.0
34762,1.0
34763,1.0
34764,1.0
34766,1.0
34767,1.0
34768,1.0
34786,1.0
34792,1.0
34793,1.0
34794,1.0
34795,1.0
34811,1.0
34812,1.0
34818,1.0
34819,1.0
34836,1.0
34837,1.0
34841,1.0
34842,1.0
34843,1.0
34877,1.0
34878,1.0
34880,1.0
34895,1.0
34896,1.0
34897,1.0
34898,1.0
34899,1.0
34901,1.0
34902,1.0
34926,1.0
34927,1.0
34929,1.0
34930,1.0
34931,1.0
34932,1.0
34933,1.0
34947,1.0
34948,1.0
34954,1.0
34955,1.0
35017,1.0
35018,1.0
35019,1.0
35020,1.0
35034,1.0
35035,1.0
35036,1.0
35038,1.0
35039,1.0
35062,1.0
35063,1.0
35064,1.0
35065,1.0
35066,1.0
35067,1.0
35096,1.0
35097,1.0
35098,1.0
35099,1.0
35100,1.0
35101,1.0
35102,1.0
35129,1.0
35130,1.0
35131,1.0
35132,1.0
35133,1.0
35148,1.0
35154,1.0
35155,1.0
35156,1.0
35157,1.0
35158,1.0
35176,1.0
35177,1.0
35179,1.0
35180,1.0
35181,1.0
35191,1.0
35192,1.0
35193,1.0
35194,1.0
35195,1.0
35197,1.0
35198,1.0
35215,1.0
35216,1.0
35218,1.0
35219,1.0
35220,1.0
35221,1.0
35222,1.0
35242,1.0
35273,1.0
35274,1.0
35275,1.0
35276,1.0
35277,1.0
35278,1.0
35279,1.0
35280,1.0
35281,1.0
35282,1.0
35292,1.0
35306,1.0
35307,1.0
35308,1.0
35312,1.0
35313,1.0
35345,1.0
35346,1.0
35347,1.0
35348,1.0
35349,1.0
35359,1.0
35360,1.0
35361,1.0
35362,1.0
35363,1.0
35364,1.0
35365,1.0
35376,1.0
35377,1.0
35379,1.0
35380,1.0
35381,1.0
35382,1.0
35383,1.0
35401,1.0
35402,1.0
35403,1.0
35404,1.0
35405,1.0
35406,1.0
35407,1.0
35421,1.0
35434,1.0
35435,1.0
35436,1.0
35437,1.0
35438,1.0
35440,1.0
35451,1.0
35452,1.0
35453,1.0
35469,1.0
35470,1.0
35471,1.0
35472,1.0
35473,1.0
35474,1.0
35475,1.0
35485,1.0
35486,1.0
35488,1.0
35489,1.0
35490,1.0
35491,1.0
35492,1.0
35498,1.0
35504,1.0
35505,1.0
35506,1.0
35507,1.0
35508,1.0
35509,1.0
35510,1.0
35511,1.0
35514,1.0
35515,1.0
35529,1.0
35530,1.0
35531,1.0
35532,1.0
35533,1.0
35534,1.0
35535,1.0
35545,1.0
35546,1.0
35548,1.0
35549,1.0
35550,1.0
35551,1.0
35552,1.0
35553,1.0
35555,1.0
35556,1.0
35573,1.0
35574,1.0
35576,1.0
35577,1.0
35579,1.0
35580,1.0
35589,1.0
35590,1.0
35591,1.0
35597,1.0
35601,1.0
35602,1.0
35604,1.0
35612,1.0
35613,1.0
35614,1.0
35615,1.0
35621,1.0
35622,1.0
35627,1.0
35629,1.0
35636,1.0
35637,1.0
35638,1.0
35639,1.0
35645,1.0
35646,1.0
35648,1.0
35649,1.0
35650,1.0
35651,1.0
35652,1.0
35653,1.0
35654,1.0
35655,1.0
35664,1.0
35665,1.0
35666,1.0
35667,1.0
35668,1.0
35669,1.0
35670,1.0
35677,1.0
35681,1.0
35682,1.0
35689,1.0
35690,1.0
35691,1.0
35692,1.0
35693,1.0
35694,1.0
35701,1.0
35702,1.0
35703,1.0
35707,1.0
35708,1.0
35709,1.0
35710,1.0
35711,1.0
35712,1.0
35718,1.0
35719,1.0
35734,1.0
35735,1.0
35736,1.0
35738,1.0
35739,1.0
35740,1.0
35741,1.0
35749,1.0
35750,1.0
35751,1.0
35752,1.0
35761,1.0
35762,1.0
35767,1.0
35768,1.0
35769,1.0
35770,1.0
35771,1.0
35772,1.0
35773,1.0
35774,1.0
35777,1.0
35780,1.0
35787,1.0
35788,1.0
35789,1.0
35790,1.0
36321,1.0
36322,1.0
36323,1.0
36324,1.0
36325,1.0
36618,1.0
36619,1.0
36620,1.0
36627,1.0
36715,1.0
36716,1.0
36717,1.0
36718,1.0
36719,1.0
36720,1.0
36855,1.0
36856,1.0
36857,1.0
36858,1.0
36859,1.0
36860,1.0
36861,1.0
37023,1.0
37024,1.0
37026,1.0
37027,1.0
37028,1.0
37029,1.0
37030,1.0
37350,1.0
37351,1.0
37352,1.0
37353,1.0
37354,1.0
37355,1.0
37356,1.0
37357,1.0
37358,1.0
37359,1.0
37360,1.0
37361,1.0
37362,1.0
37363,1.0
37364,1.0
37365,1.0
37366,1.0
37367,1.0
37368,1.0
37369,1.0
37370,1.0
37371,1.0
37372,1.0
37373,1.0
37374,1.0
37375,1.0
37376,1.0
37377,1.0
37378,1.0
37380,1.0
37381,1.0
37382,1.0
37383,1.0
37384,1.0
37385,1.0
37386,1.0
37387,1.0
37388,1.0
37389,1.0
37390,1.0
37391,1.0
37392,1.0
37393,1.0
37394,1.0
37395,1.0
37396,1.0
37397,1.0
37398,1.0
37399,1.0
37400,1.0
37401,1.0
37402,1.0
37403,1.0
37404,1.0
37405,1.0
37406,1.0
37407,1.0
37408,1.0
37409,1.0
37410,1.0
37411,1.0
37412,1.0
37413,1.0
37414,1.0
37415,1.0
37416,1.0
37417,1.0
37418,1.0
37419,1.0
37420,1.0
37421,1.0
37422,1.0
37423,1.0
37424,1.0
37425,1.0
37426,1.0
37427,1.0
37428,1.0
37429,1.0
37430,1.0
37431,1.0
37432,1.0
37433,1.0
37434,1.0
37435,1.0
37436,1.0
37437,1.0
37438,1.0
37439,1.0
37440,1.0
37441,1.0
37442,1.0
37443,1.0
37444,1.0
37445,1.0
37446,1.0
37447,1.0
37448,1.0
37449,1.0
37450,1.0
37451,1.0
37452,1.0
37453,1.0
37454,1.0
37455,1.0
37456,1.0
37457,1.0
37458,1.0
37459,1.0
37460,1.0
37461,1.0
37462,1.0
37463,1.0
37464,1.0
37465,1.0
37466,1.0
37467,1.0
37468,1.0
37469,1.0
37470,1.0
37471,1.0
37472,1.0
37473,1.0
37474,1.0
37475,1.0
37476,1.0
37477,1.0
37478,1.0
37479,1.0
37480,1.0
37481,1.0
37482,1.0
37483,1.0
37484,1.0
37485,1.0
